{
  "500": {
    "net": 681.9226999999998,
    "trades": 150,
    "coins": 4
  },
  "250": {
    "net": 788.9137999999998,
    "trades": 150,
    "coins": 4
  }
}